image_path,label,class_name
data/raw/uc_merced/sparseresidential/sparseresidential_080.jpg,18,sparseresidential
data/raw/uc_merced/tenniscourt/tenniscourt_009.jpg,20,tenniscourt
data/raw/uc_merced/forest/forest_031.jpg,7,forest
data/raw/uc_merced/storagetanks/storagetanks_039.jpg,19,storagetanks
data/raw/uc_merced/mediumresidential/mediumresidential_006.jpg,12,mediumresidential
data/raw/uc_merced/denseresidential/denseresidential_077.jpg,6,denseresidential
data/raw/uc_merced/river/river_026.jpg,16,river
data/raw/uc_merced/sparseresidential/sparseresidential_039.jpg,18,sparseresidential
data/raw/uc_merced/tenniscourt/tenniscourt_097.jpg,20,tenniscourt
data/raw/uc_merced/golfcourse/golfcourse_045.jpg,9,golfcourse
data/raw/uc_merced/agricultural/agricultural_001.jpg,0,agricultural
data/raw/uc_merced/forest/forest_092.jpg,7,forest
data/raw/uc_merced/tenniscourt/tenniscourt_003.jpg,20,tenniscourt
data/raw/uc_merced/overpass/overpass_029.jpg,14,overpass
data/raw/uc_merced/golfcourse/golfcourse_060.jpg,9,golfcourse
data/raw/uc_merced/sparseresidential/sparseresidential_087.jpg,18,sparseresidential
data/raw/uc_merced/beach/beach_031.jpg,3,beach
data/raw/uc_merced/airplane/airplane_011.jpg,1,airplane
data/raw/uc_merced/harbor/harbor_057.jpg,10,harbor
data/raw/uc_merced/beach/beach_009.jpg,3,beach
data/raw/uc_merced/harbor/harbor_011.jpg,10,harbor
data/raw/uc_merced/tenniscourt/tenniscourt_016.jpg,20,tenniscourt
data/raw/uc_merced/mediumresidential/mediumresidential_058.jpg,12,mediumresidential
data/raw/uc_merced/tenniscourt/tenniscourt_049.jpg,20,tenniscourt
data/raw/uc_merced/airplane/airplane_077.jpg,1,airplane
data/raw/uc_merced/denseresidential/denseresidential_041.jpg,6,denseresidential
data/raw/uc_merced/tenniscourt/tenniscourt_076.jpg,20,tenniscourt
data/raw/uc_merced/tenniscourt/tenniscourt_058.jpg,20,tenniscourt
data/raw/uc_merced/beach/beach_047.jpg,3,beach
data/raw/uc_merced/beach/beach_010.jpg,3,beach
data/raw/uc_merced/beach/beach_068.jpg,3,beach
data/raw/uc_merced/tenniscourt/tenniscourt_039.jpg,20,tenniscourt
data/raw/uc_merced/storagetanks/storagetanks_003.jpg,19,storagetanks
data/raw/uc_merced/beach/beach_070.jpg,3,beach
data/raw/uc_merced/agricultural/agricultural_016.jpg,0,agricultural
data/raw/uc_merced/agricultural/agricultural_009.jpg,0,agricultural
data/raw/uc_merced/buildings/buildings_084.jpg,4,buildings
data/raw/uc_merced/chaparral/chaparral_079.jpg,5,chaparral
data/raw/uc_merced/parkinglot/parkinglot_079.jpg,15,parkinglot
data/raw/uc_merced/runway/runway_096.jpg,17,runway
data/raw/uc_merced/chaparral/chaparral_092.jpg,5,chaparral
data/raw/uc_merced/golfcourse/golfcourse_097.jpg,9,golfcourse
data/raw/uc_merced/baseballdiamond/baseballdiamond_027.jpg,2,baseballdiamond
data/raw/uc_merced/tenniscourt/tenniscourt_028.jpg,20,tenniscourt
data/raw/uc_merced/agricultural/agricultural_005.jpg,0,agricultural
data/raw/uc_merced/baseballdiamond/baseballdiamond_072.jpg,2,baseballdiamond
data/raw/uc_merced/baseballdiamond/baseballdiamond_022.jpg,2,baseballdiamond
data/raw/uc_merced/chaparral/chaparral_098.jpg,5,chaparral
data/raw/uc_merced/storagetanks/storagetanks_081.jpg,19,storagetanks
data/raw/uc_merced/airplane/airplane_002.jpg,1,airplane
data/raw/uc_merced/sparseresidential/sparseresidential_025.jpg,18,sparseresidential
data/raw/uc_merced/runway/runway_005.jpg,17,runway
data/raw/uc_merced/freeway/freeway_085.jpg,8,freeway
data/raw/uc_merced/harbor/harbor_045.jpg,10,harbor
data/raw/uc_merced/river/river_022.jpg,16,river
data/raw/uc_merced/sparseresidential/sparseresidential_028.jpg,18,sparseresidential
data/raw/uc_merced/golfcourse/golfcourse_061.jpg,9,golfcourse
data/raw/uc_merced/intersection/intersection_026.jpg,11,intersection
data/raw/uc_merced/buildings/buildings_088.jpg,4,buildings
data/raw/uc_merced/overpass/overpass_021.jpg,14,overpass
data/raw/uc_merced/freeway/freeway_072.jpg,8,freeway
data/raw/uc_merced/mobilehomepark/mobilehomepark_030.jpg,13,mobilehomepark
data/raw/uc_merced/forest/forest_015.jpg,7,forest
data/raw/uc_merced/intersection/intersection_075.jpg,11,intersection
data/raw/uc_merced/beach/beach_041.jpg,3,beach
data/raw/uc_merced/buildings/buildings_100.jpg,4,buildings
data/raw/uc_merced/chaparral/chaparral_080.jpg,5,chaparral
data/raw/uc_merced/beach/beach_011.jpg,3,beach
data/raw/uc_merced/tenniscourt/tenniscourt_012.jpg,20,tenniscourt
data/raw/uc_merced/tenniscourt/tenniscourt_061.jpg,20,tenniscourt
data/raw/uc_merced/intersection/intersection_016.jpg,11,intersection
data/raw/uc_merced/beach/beach_078.jpg,3,beach
data/raw/uc_merced/beach/beach_015.jpg,3,beach
data/raw/uc_merced/runway/runway_001.jpg,17,runway
data/raw/uc_merced/mobilehomepark/mobilehomepark_003.jpg,13,mobilehomepark
data/raw/uc_merced/beach/beach_005.jpg,3,beach
data/raw/uc_merced/parkinglot/parkinglot_073.jpg,15,parkinglot
data/raw/uc_merced/freeway/freeway_048.jpg,8,freeway
data/raw/uc_merced/forest/forest_075.jpg,7,forest
data/raw/uc_merced/overpass/overpass_057.jpg,14,overpass
data/raw/uc_merced/denseresidential/denseresidential_007.jpg,6,denseresidential
data/raw/uc_merced/freeway/freeway_037.jpg,8,freeway
data/raw/uc_merced/overpass/overpass_100.jpg,14,overpass
data/raw/uc_merced/beach/beach_052.jpg,3,beach
data/raw/uc_merced/sparseresidential/sparseresidential_033.jpg,18,sparseresidential
data/raw/uc_merced/agricultural/agricultural_032.jpg,0,agricultural
data/raw/uc_merced/river/river_084.jpg,16,river
data/raw/uc_merced/river/river_044.jpg,16,river
data/raw/uc_merced/agricultural/agricultural_089.jpg,0,agricultural
data/raw/uc_merced/storagetanks/storagetanks_055.jpg,19,storagetanks
data/raw/uc_merced/overpass/overpass_040.jpg,14,overpass
data/raw/uc_merced/baseballdiamond/baseballdiamond_062.jpg,2,baseballdiamond
data/raw/uc_merced/golfcourse/golfcourse_089.jpg,9,golfcourse
data/raw/uc_merced/runway/runway_011.jpg,17,runway
data/raw/uc_merced/mobilehomepark/mobilehomepark_013.jpg,13,mobilehomepark
data/raw/uc_merced/overpass/overpass_065.jpg,14,overpass
data/raw/uc_merced/chaparral/chaparral_013.jpg,5,chaparral
data/raw/uc_merced/runway/runway_041.jpg,17,runway
data/raw/uc_merced/airplane/airplane_052.jpg,1,airplane
data/raw/uc_merced/golfcourse/golfcourse_012.jpg,9,golfcourse
data/raw/uc_merced/runway/runway_097.jpg,17,runway
data/raw/uc_merced/harbor/harbor_009.jpg,10,harbor
data/raw/uc_merced/overpass/overpass_036.jpg,14,overpass
data/raw/uc_merced/airplane/airplane_067.jpg,1,airplane
data/raw/uc_merced/tenniscourt/tenniscourt_079.jpg,20,tenniscourt
data/raw/uc_merced/mediumresidential/mediumresidential_081.jpg,12,mediumresidential
data/raw/uc_merced/river/river_003.jpg,16,river
data/raw/uc_merced/overpass/overpass_033.jpg,14,overpass
data/raw/uc_merced/intersection/intersection_024.jpg,11,intersection
data/raw/uc_merced/river/river_085.jpg,16,river
data/raw/uc_merced/runway/runway_021.jpg,17,runway
data/raw/uc_merced/denseresidential/denseresidential_047.jpg,6,denseresidential
data/raw/uc_merced/sparseresidential/sparseresidential_059.jpg,18,sparseresidential
data/raw/uc_merced/agricultural/agricultural_084.jpg,0,agricultural
data/raw/uc_merced/mobilehomepark/mobilehomepark_005.jpg,13,mobilehomepark
data/raw/uc_merced/baseballdiamond/baseballdiamond_065.jpg,2,baseballdiamond
data/raw/uc_merced/airplane/airplane_045.jpg,1,airplane
data/raw/uc_merced/buildings/buildings_025.jpg,4,buildings
data/raw/uc_merced/intersection/intersection_007.jpg,11,intersection
data/raw/uc_merced/mobilehomepark/mobilehomepark_060.jpg,13,mobilehomepark
data/raw/uc_merced/runway/runway_059.jpg,17,runway
data/raw/uc_merced/runway/runway_019.jpg,17,runway
data/raw/uc_merced/baseballdiamond/baseballdiamond_029.jpg,2,baseballdiamond
data/raw/uc_merced/mediumresidential/mediumresidential_097.jpg,12,mediumresidential
data/raw/uc_merced/chaparral/chaparral_065.jpg,5,chaparral
data/raw/uc_merced/runway/runway_006.jpg,17,runway
data/raw/uc_merced/airplane/airplane_049.jpg,1,airplane
data/raw/uc_merced/agricultural/agricultural_082.jpg,0,agricultural
data/raw/uc_merced/runway/runway_009.jpg,17,runway
data/raw/uc_merced/baseballdiamond/baseballdiamond_083.jpg,2,baseballdiamond
data/raw/uc_merced/sparseresidential/sparseresidential_084.jpg,18,sparseresidential
data/raw/uc_merced/river/river_021.jpg,16,river
data/raw/uc_merced/buildings/buildings_035.jpg,4,buildings
data/raw/uc_merced/forest/forest_082.jpg,7,forest
data/raw/uc_merced/golfcourse/golfcourse_035.jpg,9,golfcourse
data/raw/uc_merced/airplane/airplane_075.jpg,1,airplane
data/raw/uc_merced/harbor/harbor_052.jpg,10,harbor
data/raw/uc_merced/storagetanks/storagetanks_064.jpg,19,storagetanks
data/raw/uc_merced/harbor/harbor_087.jpg,10,harbor
data/raw/uc_merced/agricultural/agricultural_094.jpg,0,agricultural
data/raw/uc_merced/chaparral/chaparral_088.jpg,5,chaparral
data/raw/uc_merced/airplane/airplane_053.jpg,1,airplane
data/raw/uc_merced/agricultural/agricultural_098.jpg,0,agricultural
data/raw/uc_merced/storagetanks/storagetanks_043.jpg,19,storagetanks
data/raw/uc_merced/parkinglot/parkinglot_018.jpg,15,parkinglot
data/raw/uc_merced/agricultural/agricultural_068.jpg,0,agricultural
data/raw/uc_merced/freeway/freeway_100.jpg,8,freeway
data/raw/uc_merced/mobilehomepark/mobilehomepark_098.jpg,13,mobilehomepark
data/raw/uc_merced/baseballdiamond/baseballdiamond_013.jpg,2,baseballdiamond
data/raw/uc_merced/buildings/buildings_093.jpg,4,buildings
data/raw/uc_merced/runway/runway_066.jpg,17,runway
data/raw/uc_merced/runway/runway_048.jpg,17,runway
data/raw/uc_merced/airplane/airplane_093.jpg,1,airplane
data/raw/uc_merced/forest/forest_024.jpg,7,forest
data/raw/uc_merced/denseresidential/denseresidential_024.jpg,6,denseresidential
data/raw/uc_merced/airplane/airplane_094.jpg,1,airplane
data/raw/uc_merced/agricultural/agricultural_045.jpg,0,agricultural
data/raw/uc_merced/storagetanks/storagetanks_046.jpg,19,storagetanks
data/raw/uc_merced/buildings/buildings_014.jpg,4,buildings
data/raw/uc_merced/airplane/airplane_080.jpg,1,airplane
data/raw/uc_merced/denseresidential/denseresidential_069.jpg,6,denseresidential
data/raw/uc_merced/storagetanks/storagetanks_059.jpg,19,storagetanks
data/raw/uc_merced/chaparral/chaparral_045.jpg,5,chaparral
data/raw/uc_merced/buildings/buildings_026.jpg,4,buildings
data/raw/uc_merced/storagetanks/storagetanks_049.jpg,19,storagetanks
data/raw/uc_merced/mobilehomepark/mobilehomepark_061.jpg,13,mobilehomepark
data/raw/uc_merced/denseresidential/denseresidential_079.jpg,6,denseresidential
data/raw/uc_merced/parkinglot/parkinglot_017.jpg,15,parkinglot
data/raw/uc_merced/river/river_087.jpg,16,river
data/raw/uc_merced/forest/forest_047.jpg,7,forest
data/raw/uc_merced/intersection/intersection_085.jpg,11,intersection
data/raw/uc_merced/intersection/intersection_099.jpg,11,intersection
data/raw/uc_merced/sparseresidential/sparseresidential_051.jpg,18,sparseresidential
data/raw/uc_merced/denseresidential/denseresidential_010.jpg,6,denseresidential
data/raw/uc_merced/parkinglot/parkinglot_039.jpg,15,parkinglot
data/raw/uc_merced/baseballdiamond/baseballdiamond_078.jpg,2,baseballdiamond
data/raw/uc_merced/golfcourse/golfcourse_069.jpg,9,golfcourse
data/raw/uc_merced/forest/forest_045.jpg,7,forest
data/raw/uc_merced/parkinglot/parkinglot_042.jpg,15,parkinglot
data/raw/uc_merced/harbor/harbor_028.jpg,10,harbor
data/raw/uc_merced/mobilehomepark/mobilehomepark_035.jpg,13,mobilehomepark
data/raw/uc_merced/buildings/buildings_018.jpg,4,buildings
data/raw/uc_merced/storagetanks/storagetanks_074.jpg,19,storagetanks
data/raw/uc_merced/denseresidential/denseresidential_023.jpg,6,denseresidential
data/raw/uc_merced/harbor/harbor_048.jpg,10,harbor
data/raw/uc_merced/denseresidential/denseresidential_005.jpg,6,denseresidential
data/raw/uc_merced/freeway/freeway_064.jpg,8,freeway
data/raw/uc_merced/parkinglot/parkinglot_078.jpg,15,parkinglot
data/raw/uc_merced/beach/beach_095.jpg,3,beach
data/raw/uc_merced/golfcourse/golfcourse_068.jpg,9,golfcourse
data/raw/uc_merced/forest/forest_019.jpg,7,forest
data/raw/uc_merced/harbor/harbor_076.jpg,10,harbor
data/raw/uc_merced/parkinglot/parkinglot_007.jpg,15,parkinglot
data/raw/uc_merced/beach/beach_016.jpg,3,beach
data/raw/uc_merced/mobilehomepark/mobilehomepark_024.jpg,13,mobilehomepark
data/raw/uc_merced/freeway/freeway_063.jpg,8,freeway
data/raw/uc_merced/harbor/harbor_008.jpg,10,harbor
data/raw/uc_merced/chaparral/chaparral_096.jpg,5,chaparral
data/raw/uc_merced/sparseresidential/sparseresidential_079.jpg,18,sparseresidential
data/raw/uc_merced/mediumresidential/mediumresidential_079.jpg,12,mediumresidential
data/raw/uc_merced/overpass/overpass_044.jpg,14,overpass
data/raw/uc_merced/river/river_083.jpg,16,river
data/raw/uc_merced/golfcourse/golfcourse_077.jpg,9,golfcourse
data/raw/uc_merced/overpass/overpass_055.jpg,14,overpass
data/raw/uc_merced/sparseresidential/sparseresidential_042.jpg,18,sparseresidential
data/raw/uc_merced/river/river_040.jpg,16,river
data/raw/uc_merced/intersection/intersection_019.jpg,11,intersection
data/raw/uc_merced/airplane/airplane_022.jpg,1,airplane
data/raw/uc_merced/freeway/freeway_039.jpg,8,freeway
data/raw/uc_merced/denseresidential/denseresidential_032.jpg,6,denseresidential
data/raw/uc_merced/parkinglot/parkinglot_002.jpg,15,parkinglot
data/raw/uc_merced/golfcourse/golfcourse_081.jpg,9,golfcourse
data/raw/uc_merced/storagetanks/storagetanks_080.jpg,19,storagetanks
data/raw/uc_merced/mediumresidential/mediumresidential_039.jpg,12,mediumresidential
data/raw/uc_merced/baseballdiamond/baseballdiamond_033.jpg,2,baseballdiamond
data/raw/uc_merced/buildings/buildings_073.jpg,4,buildings
data/raw/uc_merced/mobilehomepark/mobilehomepark_070.jpg,13,mobilehomepark
data/raw/uc_merced/intersection/intersection_025.jpg,11,intersection
data/raw/uc_merced/agricultural/agricultural_008.jpg,0,agricultural
data/raw/uc_merced/parkinglot/parkinglot_051.jpg,15,parkinglot
data/raw/uc_merced/overpass/overpass_056.jpg,14,overpass
data/raw/uc_merced/denseresidential/denseresidential_075.jpg,6,denseresidential
data/raw/uc_merced/denseresidential/denseresidential_009.jpg,6,denseresidential
data/raw/uc_merced/forest/forest_013.jpg,7,forest
data/raw/uc_merced/river/river_029.jpg,16,river
data/raw/uc_merced/freeway/freeway_003.jpg,8,freeway
data/raw/uc_merced/intersection/intersection_060.jpg,11,intersection
data/raw/uc_merced/agricultural/agricultural_028.jpg,0,agricultural
data/raw/uc_merced/river/river_004.jpg,16,river
data/raw/uc_merced/buildings/buildings_046.jpg,4,buildings
data/raw/uc_merced/beach/beach_087.jpg,3,beach
data/raw/uc_merced/airplane/airplane_089.jpg,1,airplane
data/raw/uc_merced/mobilehomepark/mobilehomepark_099.jpg,13,mobilehomepark
data/raw/uc_merced/forest/forest_051.jpg,7,forest
data/raw/uc_merced/storagetanks/storagetanks_023.jpg,19,storagetanks
data/raw/uc_merced/mediumresidential/mediumresidential_084.jpg,12,mediumresidential
data/raw/uc_merced/mediumresidential/mediumresidential_043.jpg,12,mediumresidential
data/raw/uc_merced/freeway/freeway_036.jpg,8,freeway
data/raw/uc_merced/storagetanks/storagetanks_098.jpg,19,storagetanks
data/raw/uc_merced/sparseresidential/sparseresidential_046.jpg,18,sparseresidential
data/raw/uc_merced/sparseresidential/sparseresidential_040.jpg,18,sparseresidential
data/raw/uc_merced/freeway/freeway_002.jpg,8,freeway
data/raw/uc_merced/beach/beach_013.jpg,3,beach
data/raw/uc_merced/denseresidential/denseresidential_097.jpg,6,denseresidential
data/raw/uc_merced/forest/forest_034.jpg,7,forest
data/raw/uc_merced/river/river_097.jpg,16,river
data/raw/uc_merced/denseresidential/denseresidential_029.jpg,6,denseresidential
data/raw/uc_merced/agricultural/agricultural_091.jpg,0,agricultural
data/raw/uc_merced/buildings/buildings_070.jpg,4,buildings
data/raw/uc_merced/runway/runway_078.jpg,17,runway
data/raw/uc_merced/beach/beach_036.jpg,3,beach
data/raw/uc_merced/mediumresidential/mediumresidential_041.jpg,12,mediumresidential
data/raw/uc_merced/chaparral/chaparral_040.jpg,5,chaparral
data/raw/uc_merced/parkinglot/parkinglot_084.jpg,15,parkinglot
data/raw/uc_merced/buildings/buildings_090.jpg,4,buildings
data/raw/uc_merced/denseresidential/denseresidential_034.jpg,6,denseresidential
data/raw/uc_merced/harbor/harbor_070.jpg,10,harbor
data/raw/uc_merced/sparseresidential/sparseresidential_013.jpg,18,sparseresidential
data/raw/uc_merced/buildings/buildings_083.jpg,4,buildings
data/raw/uc_merced/sparseresidential/sparseresidential_092.jpg,18,sparseresidential
data/raw/uc_merced/chaparral/chaparral_019.jpg,5,chaparral
data/raw/uc_merced/forest/forest_088.jpg,7,forest
data/raw/uc_merced/freeway/freeway_096.jpg,8,freeway
data/raw/uc_merced/harbor/harbor_043.jpg,10,harbor
data/raw/uc_merced/mediumresidential/mediumresidential_022.jpg,12,mediumresidential
data/raw/uc_merced/mediumresidential/mediumresidential_056.jpg,12,mediumresidential
data/raw/uc_merced/overpass/overpass_082.jpg,14,overpass
data/raw/uc_merced/mediumresidential/mediumresidential_071.jpg,12,mediumresidential
data/raw/uc_merced/river/river_018.jpg,16,river
data/raw/uc_merced/intersection/intersection_097.jpg,11,intersection
data/raw/uc_merced/chaparral/chaparral_006.jpg,5,chaparral
data/raw/uc_merced/storagetanks/storagetanks_009.jpg,19,storagetanks
data/raw/uc_merced/golfcourse/golfcourse_049.jpg,9,golfcourse
data/raw/uc_merced/runway/runway_077.jpg,17,runway
data/raw/uc_merced/golfcourse/golfcourse_001.jpg,9,golfcourse
data/raw/uc_merced/chaparral/chaparral_089.jpg,5,chaparral
data/raw/uc_merced/runway/runway_051.jpg,17,runway
data/raw/uc_merced/mediumresidential/mediumresidential_019.jpg,12,mediumresidential
data/raw/uc_merced/tenniscourt/tenniscourt_032.jpg,20,tenniscourt
data/raw/uc_merced/parkinglot/parkinglot_069.jpg,15,parkinglot
data/raw/uc_merced/mobilehomepark/mobilehomepark_084.jpg,13,mobilehomepark
data/raw/uc_merced/river/river_067.jpg,16,river
data/raw/uc_merced/sparseresidential/sparseresidential_095.jpg,18,sparseresidential
data/raw/uc_merced/parkinglot/parkinglot_040.jpg,15,parkinglot
data/raw/uc_merced/tenniscourt/tenniscourt_051.jpg,20,tenniscourt
data/raw/uc_merced/buildings/buildings_056.jpg,4,buildings
data/raw/uc_merced/forest/forest_050.jpg,7,forest
data/raw/uc_merced/mediumresidential/mediumresidential_089.jpg,12,mediumresidential
data/raw/uc_merced/overpass/overpass_070.jpg,14,overpass
data/raw/uc_merced/mobilehomepark/mobilehomepark_028.jpg,13,mobilehomepark
data/raw/uc_merced/tenniscourt/tenniscourt_082.jpg,20,tenniscourt
data/raw/uc_merced/tenniscourt/tenniscourt_014.jpg,20,tenniscourt
data/raw/uc_merced/harbor/harbor_064.jpg,10,harbor
data/raw/uc_merced/mobilehomepark/mobilehomepark_033.jpg,13,mobilehomepark
data/raw/uc_merced/forest/forest_094.jpg,7,forest
data/raw/uc_merced/chaparral/chaparral_011.jpg,5,chaparral
data/raw/uc_merced/freeway/freeway_031.jpg,8,freeway
data/raw/uc_merced/intersection/intersection_030.jpg,11,intersection
data/raw/uc_merced/harbor/harbor_024.jpg,10,harbor
data/raw/uc_merced/chaparral/chaparral_050.jpg,5,chaparral
data/raw/uc_merced/chaparral/chaparral_051.jpg,5,chaparral
data/raw/uc_merced/overpass/overpass_008.jpg,14,overpass
data/raw/uc_merced/golfcourse/golfcourse_034.jpg,9,golfcourse
data/raw/uc_merced/river/river_095.jpg,16,river
data/raw/uc_merced/parkinglot/parkinglot_036.jpg,15,parkinglot
data/raw/uc_merced/chaparral/chaparral_076.jpg,5,chaparral
data/raw/uc_merced/mediumresidential/mediumresidential_070.jpg,12,mediumresidential
data/raw/uc_merced/runway/runway_043.jpg,17,runway
data/raw/uc_merced/buildings/buildings_066.jpg,4,buildings
data/raw/uc_merced/runway/runway_007.jpg,17,runway
data/raw/uc_merced/mobilehomepark/mobilehomepark_015.jpg,13,mobilehomepark
data/raw/uc_merced/chaparral/chaparral_027.jpg,5,chaparral
data/raw/uc_merced/parkinglot/parkinglot_064.jpg,15,parkinglot
data/raw/uc_merced/airplane/airplane_085.jpg,1,airplane
data/raw/uc_merced/storagetanks/storagetanks_063.jpg,19,storagetanks
data/raw/uc_merced/baseballdiamond/baseballdiamond_012.jpg,2,baseballdiamond
data/raw/uc_merced/mediumresidential/mediumresidential_048.jpg,12,mediumresidential
data/raw/uc_merced/beach/beach_085.jpg,3,beach
data/raw/uc_merced/harbor/harbor_003.jpg,10,harbor
data/raw/uc_merced/freeway/freeway_010.jpg,8,freeway
data/raw/uc_merced/denseresidential/denseresidential_052.jpg,6,denseresidential
data/raw/uc_merced/agricultural/agricultural_079.jpg,0,agricultural
data/raw/uc_merced/airplane/airplane_029.jpg,1,airplane
data/raw/uc_merced/airplane/airplane_021.jpg,1,airplane
data/raw/uc_merced/forest/forest_052.jpg,7,forest
data/raw/uc_merced/denseresidential/denseresidential_012.jpg,6,denseresidential
data/raw/uc_merced/river/river_065.jpg,16,river
data/raw/uc_merced/overpass/overpass_094.jpg,14,overpass
data/raw/uc_merced/golfcourse/golfcourse_057.jpg,9,golfcourse
data/raw/uc_merced/buildings/buildings_045.jpg,4,buildings
data/raw/uc_merced/baseballdiamond/baseballdiamond_026.jpg,2,baseballdiamond
data/raw/uc_merced/harbor/harbor_049.jpg,10,harbor
data/raw/uc_merced/parkinglot/parkinglot_096.jpg,15,parkinglot
data/raw/uc_merced/parkinglot/parkinglot_067.jpg,15,parkinglot
data/raw/uc_merced/forest/forest_060.jpg,7,forest
data/raw/uc_merced/airplane/airplane_090.jpg,1,airplane
data/raw/uc_merced/river/river_079.jpg,16,river
data/raw/uc_merced/freeway/freeway_060.jpg,8,freeway
data/raw/uc_merced/mediumresidential/mediumresidential_062.jpg,12,mediumresidential
data/raw/uc_merced/intersection/intersection_095.jpg,11,intersection
data/raw/uc_merced/runway/runway_032.jpg,17,runway
data/raw/uc_merced/agricultural/agricultural_004.jpg,0,agricultural
data/raw/uc_merced/intersection/intersection_045.jpg,11,intersection
data/raw/uc_merced/sparseresidential/sparseresidential_010.jpg,18,sparseresidential
data/raw/uc_merced/buildings/buildings_037.jpg,4,buildings
data/raw/uc_merced/golfcourse/golfcourse_032.jpg,9,golfcourse
data/raw/uc_merced/sparseresidential/sparseresidential_063.jpg,18,sparseresidential
data/raw/uc_merced/golfcourse/golfcourse_013.jpg,9,golfcourse
data/raw/uc_merced/forest/forest_040.jpg,7,forest
data/raw/uc_merced/buildings/buildings_032.jpg,4,buildings
data/raw/uc_merced/mediumresidential/mediumresidential_047.jpg,12,mediumresidential
data/raw/uc_merced/golfcourse/golfcourse_007.jpg,9,golfcourse
data/raw/uc_merced/baseballdiamond/baseballdiamond_042.jpg,2,baseballdiamond
data/raw/uc_merced/baseballdiamond/baseballdiamond_039.jpg,2,baseballdiamond
data/raw/uc_merced/airplane/airplane_013.jpg,1,airplane
data/raw/uc_merced/intersection/intersection_087.jpg,11,intersection
data/raw/uc_merced/overpass/overpass_053.jpg,14,overpass
data/raw/uc_merced/freeway/freeway_013.jpg,8,freeway
data/raw/uc_merced/sparseresidential/sparseresidential_099.jpg,18,sparseresidential
data/raw/uc_merced/airplane/airplane_046.jpg,1,airplane
data/raw/uc_merced/river/river_037.jpg,16,river
data/raw/uc_merced/harbor/harbor_056.jpg,10,harbor
data/raw/uc_merced/intersection/intersection_034.jpg,11,intersection
data/raw/uc_merced/mediumresidential/mediumresidential_024.jpg,12,mediumresidential
data/raw/uc_merced/forest/forest_048.jpg,7,forest
data/raw/uc_merced/runway/runway_070.jpg,17,runway
data/raw/uc_merced/denseresidential/denseresidential_081.jpg,6,denseresidential
data/raw/uc_merced/baseballdiamond/baseballdiamond_008.jpg,2,baseballdiamond
data/raw/uc_merced/chaparral/chaparral_043.jpg,5,chaparral
data/raw/uc_merced/chaparral/chaparral_082.jpg,5,chaparral
data/raw/uc_merced/storagetanks/storagetanks_076.jpg,19,storagetanks
data/raw/uc_merced/agricultural/agricultural_071.jpg,0,agricultural
data/raw/uc_merced/overpass/overpass_063.jpg,14,overpass
data/raw/uc_merced/storagetanks/storagetanks_048.jpg,19,storagetanks
data/raw/uc_merced/baseballdiamond/baseballdiamond_074.jpg,2,baseballdiamond
data/raw/uc_merced/mobilehomepark/mobilehomepark_094.jpg,13,mobilehomepark
data/raw/uc_merced/agricultural/agricultural_051.jpg,0,agricultural
data/raw/uc_merced/denseresidential/denseresidential_018.jpg,6,denseresidential
data/raw/uc_merced/airplane/airplane_086.jpg,1,airplane
data/raw/uc_merced/storagetanks/storagetanks_067.jpg,19,storagetanks
data/raw/uc_merced/runway/runway_056.jpg,17,runway
data/raw/uc_merced/golfcourse/golfcourse_029.jpg,9,golfcourse
data/raw/uc_merced/mediumresidential/mediumresidential_066.jpg,12,mediumresidential
data/raw/uc_merced/sparseresidential/sparseresidential_074.jpg,18,sparseresidential
data/raw/uc_merced/sparseresidential/sparseresidential_086.jpg,18,sparseresidential
data/raw/uc_merced/overpass/overpass_083.jpg,14,overpass
data/raw/uc_merced/harbor/harbor_098.jpg,10,harbor
data/raw/uc_merced/golfcourse/golfcourse_011.jpg,9,golfcourse
data/raw/uc_merced/golfcourse/golfcourse_099.jpg,9,golfcourse
data/raw/uc_merced/mediumresidential/mediumresidential_004.jpg,12,mediumresidential
data/raw/uc_merced/storagetanks/storagetanks_053.jpg,19,storagetanks
data/raw/uc_merced/harbor/harbor_086.jpg,10,harbor
data/raw/uc_merced/tenniscourt/tenniscourt_094.jpg,20,tenniscourt
data/raw/uc_merced/storagetanks/storagetanks_073.jpg,19,storagetanks
data/raw/uc_merced/mobilehomepark/mobilehomepark_088.jpg,13,mobilehomepark
data/raw/uc_merced/parkinglot/parkinglot_032.jpg,15,parkinglot
data/raw/uc_merced/intersection/intersection_008.jpg,11,intersection
data/raw/uc_merced/freeway/freeway_045.jpg,8,freeway
data/raw/uc_merced/forest/forest_014.jpg,7,forest
data/raw/uc_merced/airplane/airplane_032.jpg,1,airplane
data/raw/uc_merced/golfcourse/golfcourse_030.jpg,9,golfcourse
data/raw/uc_merced/runway/runway_039.jpg,17,runway
data/raw/uc_merced/freeway/freeway_040.jpg,8,freeway
data/raw/uc_merced/mobilehomepark/mobilehomepark_083.jpg,13,mobilehomepark
data/raw/uc_merced/intersection/intersection_053.jpg,11,intersection
data/raw/uc_merced/buildings/buildings_061.jpg,4,buildings
data/raw/uc_merced/baseballdiamond/baseballdiamond_037.jpg,2,baseballdiamond
data/raw/uc_merced/river/river_009.jpg,16,river
data/raw/uc_merced/agricultural/agricultural_081.jpg,0,agricultural
data/raw/uc_merced/sparseresidential/sparseresidential_048.jpg,18,sparseresidential
data/raw/uc_merced/tenniscourt/tenniscourt_089.jpg,20,tenniscourt
data/raw/uc_merced/baseballdiamond/baseballdiamond_089.jpg,2,baseballdiamond
data/raw/uc_merced/beach/beach_003.jpg,3,beach
data/raw/uc_merced/freeway/freeway_046.jpg,8,freeway
data/raw/uc_merced/airplane/airplane_004.jpg,1,airplane
data/raw/uc_merced/intersection/intersection_062.jpg,11,intersection
data/raw/uc_merced/parkinglot/parkinglot_001.jpg,15,parkinglot
data/raw/uc_merced/beach/beach_072.jpg,3,beach
data/raw/uc_merced/overpass/overpass_076.jpg,14,overpass
data/raw/uc_merced/storagetanks/storagetanks_022.jpg,19,storagetanks
data/raw/uc_merced/baseballdiamond/baseballdiamond_076.jpg,2,baseballdiamond
data/raw/uc_merced/parkinglot/parkinglot_099.jpg,15,parkinglot
data/raw/uc_merced/intersection/intersection_004.jpg,11,intersection
data/raw/uc_merced/harbor/harbor_033.jpg,10,harbor
data/raw/uc_merced/agricultural/agricultural_023.jpg,0,agricultural
data/raw/uc_merced/mobilehomepark/mobilehomepark_081.jpg,13,mobilehomepark
data/raw/uc_merced/beach/beach_055.jpg,3,beach
data/raw/uc_merced/river/river_073.jpg,16,river
data/raw/uc_merced/intersection/intersection_094.jpg,11,intersection
data/raw/uc_merced/forest/forest_035.jpg,7,forest
data/raw/uc_merced/overpass/overpass_077.jpg,14,overpass
data/raw/uc_merced/tenniscourt/tenniscourt_100.jpg,20,tenniscourt
data/raw/uc_merced/chaparral/chaparral_061.jpg,5,chaparral
data/raw/uc_merced/mobilehomepark/mobilehomepark_091.jpg,13,mobilehomepark
data/raw/uc_merced/tenniscourt/tenniscourt_035.jpg,20,tenniscourt
data/raw/uc_merced/mobilehomepark/mobilehomepark_056.jpg,13,mobilehomepark
data/raw/uc_merced/harbor/harbor_002.jpg,10,harbor
data/raw/uc_merced/baseballdiamond/baseballdiamond_088.jpg,2,baseballdiamond
data/raw/uc_merced/parkinglot/parkinglot_055.jpg,15,parkinglot
data/raw/uc_merced/baseballdiamond/baseballdiamond_048.jpg,2,baseballdiamond
data/raw/uc_merced/forest/forest_030.jpg,7,forest
data/raw/uc_merced/freeway/freeway_076.jpg,8,freeway
data/raw/uc_merced/tenniscourt/tenniscourt_077.jpg,20,tenniscourt
data/raw/uc_merced/freeway/freeway_034.jpg,8,freeway
data/raw/uc_merced/forest/forest_068.jpg,7,forest
data/raw/uc_merced/baseballdiamond/baseballdiamond_006.jpg,2,baseballdiamond
data/raw/uc_merced/baseballdiamond/baseballdiamond_051.jpg,2,baseballdiamond
data/raw/uc_merced/overpass/overpass_096.jpg,14,overpass
data/raw/uc_merced/harbor/harbor_001.jpg,10,harbor
data/raw/uc_merced/harbor/harbor_082.jpg,10,harbor
data/raw/uc_merced/agricultural/agricultural_069.jpg,0,agricultural
data/raw/uc_merced/mobilehomepark/mobilehomepark_004.jpg,13,mobilehomepark
data/raw/uc_merced/denseresidential/denseresidential_043.jpg,6,denseresidential
data/raw/uc_merced/mediumresidential/mediumresidential_001.jpg,12,mediumresidential
data/raw/uc_merced/storagetanks/storagetanks_085.jpg,19,storagetanks
data/raw/uc_merced/freeway/freeway_065.jpg,8,freeway
data/raw/uc_merced/river/river_008.jpg,16,river
data/raw/uc_merced/mediumresidential/mediumresidential_053.jpg,12,mediumresidential
data/raw/uc_merced/runway/runway_076.jpg,17,runway
data/raw/uc_merced/overpass/overpass_090.jpg,14,overpass
data/raw/uc_merced/intersection/intersection_098.jpg,11,intersection
data/raw/uc_merced/mobilehomepark/mobilehomepark_022.jpg,13,mobilehomepark
data/raw/uc_merced/denseresidential/denseresidential_098.jpg,6,denseresidential
data/raw/uc_merced/chaparral/chaparral_038.jpg,5,chaparral
data/raw/uc_merced/denseresidential/denseresidential_042.jpg,6,denseresidential
data/raw/uc_merced/parkinglot/parkinglot_060.jpg,15,parkinglot
data/raw/uc_merced/buildings/buildings_010.jpg,4,buildings
data/raw/uc_merced/river/river_096.jpg,16,river
data/raw/uc_merced/beach/beach_073.jpg,3,beach
data/raw/uc_merced/storagetanks/storagetanks_083.jpg,19,storagetanks
data/raw/uc_merced/overpass/overpass_042.jpg,14,overpass
data/raw/uc_merced/golfcourse/golfcourse_037.jpg,9,golfcourse
data/raw/uc_merced/tenniscourt/tenniscourt_096.jpg,20,tenniscourt
data/raw/uc_merced/chaparral/chaparral_047.jpg,5,chaparral
data/raw/uc_merced/tenniscourt/tenniscourt_037.jpg,20,tenniscourt
data/raw/uc_merced/agricultural/agricultural_055.jpg,0,agricultural
data/raw/uc_merced/freeway/freeway_028.jpg,8,freeway
data/raw/uc_merced/beach/beach_018.jpg,3,beach
data/raw/uc_merced/buildings/buildings_028.jpg,4,buildings
data/raw/uc_merced/intersection/intersection_061.jpg,11,intersection
data/raw/uc_merced/parkinglot/parkinglot_008.jpg,15,parkinglot
data/raw/uc_merced/sparseresidential/sparseresidential_020.jpg,18,sparseresidential
data/raw/uc_merced/buildings/buildings_024.jpg,4,buildings
